Account Name,Owner,Description
AK Crust,Kirk Curtiss,Source: Current Customers tab
AMPM,Kirk Curtiss,Source: Current Customers tab
Applebee's,Greg Thiel,Source: Current Customers tab
Aubree's,Todd Shaya,Source: Current Customers tab
"Bell Flavors and Fragrances, Inc.",Tad Lenahan,Source: Current Customers tab
"Bloemer Foods Sales, Inc.",Tad Lenahan,Source: Current Customers tab
Brenntag (JM Swank),Tad Lenahan,Source: Current Customers tab
Buffalo Gills,Tad Lenahan,Source: Current Customers tab
Burger King,Todd Shaya,Source: Current Customers tab
Casey's,Greg Thiel,Source: Current Customers tab
"Chelten House Products, Inc.",Tad Lenahan,Source: Current Customers tab
Chuck E. Cheese,Greg Thiel,Source: Current Customers tab
CiCi's,Kevin Crooks,Source: Current Customers tab
Costco,Kevin Crooks,Source: Current Customers tab
Cottage Inn,Todd Shaya,Source: Current Customers tab
DP Dough,Kirk Curtiss,Source: Current Customers tab
Darden,Todd Shaya,Source: Current Customers tab
DePalo Foods,Tad Lenahan,Source: Current Customers tab
DiNapoli,Kirk Curtiss,Source: Current Customers tab
Domino's,Amy Flora,Source: Current Customers tab
Donatos,Todd Shaya,Source: Current Customers tab
Fazoli's,Amy Flora,Source: Current Customers tab
Firehouse,Todd Shaya,Source: Current Customers tab
Fresh Slice,Todd Shaya,Source: Current Customers tab
Giovanni's,Kevin Crooks,Source: Current Customers tab
Godfather's,Amy Flora,Source: Current Customers tab
HEB,Greg Thiel,Source: Current Customers tab
Hometown Pizza,Todd Shaya,Source: Current Customers tab
Hungry Howies,Amy Flora,Source: Current Customers tab
IHOP,Greg Thiel,Source: Current Customers tab
Incredible Pizza,Greg Thiel,Source: Current Customers tab
Jason's Deli,Greg Thiel,Source: Current Customers tab
Johnny's Pizza,Greg Thiel,Source: Current Customers tab
KFC,Kevin Crooks,Source: Current Customers tab
Ken's (Rail Tank Cars),Tad Lenahan,Source: Current Customers tab
Ken's (Tankers),Tad Lenahan,Source: Current Customers tab
LaRosa's,Amy Flora,Source: Current Customers tab
Little Caesars,Amy Flora,Source: Current Customers tab
MOD,Kevin Crooks,Source: Current Customers tab
Main Event/D&B,Kevin Crooks,Source: Current Customers tab
Marco's,Todd Shaya,Source: Current Customers tab
Marzetti,Tad Lenahan,Source: Current Customers tab
Maverik,Greg Thiel,Source: Current Customers tab
Maxi Canada,Tad Lenahan,Source: Current Customers tab
Mazzio's,Greg Thiel,Source: Current Customers tab
Mr. Gatti's,Kevin Crooks,Source: Current Customers tab
Mr. Jim's,Greg Thiel,Source: Current Customers tab
Newly Weds Foods (Mullins),Tad Lenahan,Source: Current Customers tab
Ohly,Tad Lenahan,Source: Current Customers tab
Ott Food Products,Tad Lenahan,Source: Current Customers tab
Papa Johns,Kevin Crooks,Source: Current Customers tab
Perky's,Kirk Curtiss,Source: Current Customers tab
Pizza Guy,Todd Shaya,Source: Current Customers tab
Pizza Hut,Kevin Crooks,Source: Current Customers tab
Pizza Hut Canada,Kevin Crooks,Source: Current Customers tab
Pizza Hut Domincan Republic,Kevin Crooks,Source: Current Customers tab
Pizza Hut Mexico,Kevin Crooks,Source: Current Customers tab
Pizza Plus,Kirk Curtiss,Source: Current Customers tab
QuickChek,Greg Thiel,Source: Current Customers tab
Quik Trip,Greg Thiel,Source: Current Customers tab
Ready Foods,Greg Thiel,Source: Current Customers tab
Red Gold,Todd Shaya,Source: Current Customers tab
Sal's NZ,Amy Flora,Source: Current Customers tab
Sam's Club,Greg Thiel,Source: Current Customers tab
Sauer Brands,Tad Lenahan,Source: Current Customers tab
Simple Simon's,Greg Thiel,Source: Current Customers tab
Solina Foods (Saratoga),Tad Lenahan,Source: Current Customers tab
Taco Bell,Kirk Curtiss,Source: Current Customers tab
Thorntons,Kirk Curtiss,Source: Current Customers tab
Tim Horton's,Todd Shaya,Source: Current Customers tab
Toppers,Kirk Curtiss,Source: Current Customers tab
Ventura,Tad Lenahan,Source: Current Customers tab
Wawa,Greg Thiel,Source: Current Customers tab
hh,Amy Flora,Source: Current Customers tab
